Country,Density,Abbreviation,Agricultural_Land_percent,Land Area(Km2),Armed Forces size,Birth Rate,Calling Code,Capital/Major City,Co2_Emissions,CPI,CPI Change (%),Currency-Code,Fertility Rate,Forested Area (%),Gasoline Price,GDP,Gross primary education enrollment (%),Gross tertiary education enrollment (%),Infant mortality,Largest city,Life expectancy,Maternal mortality ratio,Minimum wage,Official language,Out of pocket health expenditure,Physicians per thousand,Population,Population_Labor_force_participation_percent,Tax_revenue_percent,Total_tax_rate,Unemployment_rate,Urban_Population,Latitude,Longitude,Continent
Afghanistan,60,AF,58.1,"652,230","323,000",32.49,93.0,Kabul,8672.0,149.9,2.30%,AFN,4.47,2.10%,$0.70 ,"$19,101,353,833 ",104.00%,9.70%,47.9,Kabul,64.5,638.0,$0.43 ,Pashto,78.40%,0.28,38041754.0,48.9,9.3,71.4,11.12,9797273.0,33.93911,67.709953,Asia
Albania,105,AL,43.1,"28,748","9,000",11.78,355.0,Tirana,4536.0,119.05,1.40%,ALL,1.62,28.10%,$1.36 ,"$15,278,077,447 ",107.00%,55.00%,7.8,Tirana,78.5,15.0,$1.12 ,Albanian,56.90%,1.2,2854191.0,55.7,18.6,36.6,12.33,1747593.0,41.153332,20.168331,Europe
Algeria,18,DZ,17.4,"2,381,741","317,000",24.28,213.0,Algiers,150006.0,151.36,2.00%,DZD,3.02,0.80%,$0.28 ,"$169,988,236,398 ",109.90%,51.40%,20.1,Algiers,76.7,112.0,$0.95 ,Arabic,28.10%,1.72,43053054.0,41.2,37.2,66.1,11.7,31510100.0,28.033886,1.659626,Africa
Andorra,164,AD,40.0,468,,7.2,376.0,Andorra la Vella,469.0,,,EUR,1.27,34.00%,$1.51 ,"$3,154,057,987 ",106.40%,,2.7,Andorra la Vella,,,$6.63 ,Catalan,36.40%,3.33,77142.0,,,,,67873.0,42.506285,1.521801,Europe
Angola,26,AO,47.5,"1,246,700","117,000",40.73,244.0,Luanda,34693.0,261.73,17.10%,AOA,5.52,46.30%,$0.97 ,"$94,635,415,870 ",113.50%,9.30%,51.6,Luanda,60.8,241.0,$0.71 ,Portuguese,33.40%,0.21,31825295.0,77.5,9.2,49.1,6.89,21061025.0,-11.202692,17.873887,Africa
Antigua and Barbuda,223,AG,20.5,443,0,15.33,1.0,"St. John's, Saint John",557.0,113.81,1.20%,XCD,1.99,22.30%,$0.99 ,"$1,727,759,259 ",105.00%,24.80%,5.0,"St. John's, Saint John",76.9,42.0,$3.04 ,English,24.30%,2.76,97118.0,,16.5,43.0,,23800.0,17.060816,-61.796428,North America
Argentina,17,AR,54.3,"2,780,400","105,000",17.02,54.0,Buenos Aires,201348.0,232.75,53.50%,ARS,2.26,9.80%,$1.10 ,"$449,663,446,954 ",109.70%,90.00%,8.8,Buenos Aires,76.5,39.0,$3.35 ,Spanish,17.60%,3.96,44938712.0,61.3,10.1,106.3,9.79,41339571.0,-38.416097,-63.616672,South America
Armenia,104,AM,58.9,"29,743","49,000",13.99,374.0,Yerevan,5156.0,129.18,1.40%,AMD,1.76,11.70%,$0.77 ,"$13,672,802,158 ",92.70%,54.60%,11.0,Yerevan,74.9,26.0,$0.66 ,Armenian,81.60%,4.4,2957731.0,55.6,20.9,22.6,16.99,1869848.0,40.069099,45.038189,Europe
Australia,3,AU,48.2,"7,741,220","58,000",12.6,61.0,Canberra,375908.0,119.8,1.60%,AUD,1.74,16.30%,$0.93 ,"$1,392,680,589,329 ",100.30%,113.10%,3.1,Sydney,82.7,6.0,$13.59 ,None,19.60%,3.68,25766605.0,65.5,23.0,47.4,5.27,21844756.0,-25.274398,133.775136,Oceania
Austria,109,AT,32.4,"83,871","21,000",9.7,43.0,Vienna,61448.0,118.06,1.50%,EUR,1.47,46.90%,$1.20 ,"$446,314,739,528 ",103.10%,85.10%,2.9,Vienna,81.6,5.0,,German,17.90%,5.17,8877067.0,60.7,25.4,51.4,4.67,5194416.0,47.516231,14.550072,Europe
Azerbaijan,123,AZ,57.7,"86,600","82,000",14.0,994.0,Baku,37620.0,156.32,2.60%,AZN,1.73,14.10%,$0.56 ,"$39,207,000,000 ",99.70%,27.70%,19.2,Baku,72.9,26.0,$0.47 ,Azerbaijani language,78.60%,3.45,10023318.0,66.5,13.0,40.7,5.51,5616165.0,40.143105,47.576927,Europe
The Bahamas,39,BS,1.4,"13,880","1,000",13.97,1.0,"Nassau, Bahamas",1786.0,116.22,2.50%,,1.75,51.40%,$0.92 ,"$12,827,000,000 ",81.40%,15.10%,8.3,"Nassau, Bahamas",73.8,70.0,$5.25 ,English,27.80%,1.94,389482.0,74.6,14.8,33.8,10.36,323784.0,25.03428,-77.39628,North America
Bahrain,2239,BH,11.1,765,"19,000",13.99,973.0,Manama,31694.0,117.59,2.10%,BHD,1.99,0.80%,$0.43 ,"$38,574,069,149 ",99.40%,50.50%,6.1,Riffa,77.2,14.0,,Arabic,25.10%,0.93,1501635.0,73.4,4.2,13.8,0.71,1467109.0,26.0667,50.5577,Asia
Bangladesh,1265,BD,70.6,"148,460","221,000",18.18,880.0,Dhaka,84246.0,179.68,5.60%,BDT,2.04,11.00%,$1.12 ,"$302,571,254,131 ",116.50%,20.60%,25.1,Dhaka,72.3,173.0,$0.51 ,Bengali,71.80%,0.58,167310838.0,59.0,8.8,33.4,4.19,60987417.0,23.684994,90.356331,Asia
Barbados,668,BB,23.3,430,"1,000",10.65,1.0,Bridgetown,1276.0,134.09,4.10%,BBD,1.62,14.70%,$1.81 ,"$5,209,000,000 ",99.40%,65.40%,11.3,Bridgetown,79.1,27.0,$3.13 ,English,45.20%,2.48,287025.0,65.2,27.5,35.6,10.33,89431.0,13.193887,-59.543198,North America
Belarus,47,BY,42.0,"207,600","155,000",9.9,375.0,Minsk,58280.0,,5.60%,BYN,1.45,42.60%,$0.60 ,"$63,080,457,023 ",100.50%,87.40%,2.6,Minsk,74.2,2.0,$1.49 ,Russian,34.50%,5.19,9466856.0,64.1,14.7,53.3,4.59,7482982.0,53.709807,27.953389,Europe
Belgium,383,BE,44.6,"30,528","32,000",10.3,32.0,City of Brussels,96889.0,117.11,1.40%,EUR,1.62,22.60%,$1.43 ,"$529,606,710,418 ",103.90%,79.70%,2.9,Brussels,81.6,5.0,$10.31 ,French,17.60%,3.07,11484055.0,53.6,24.0,55.4,5.59,11259082.0,50.503887,4.469936,Europe
Belize,17,BZ,7.0,"22,966","2,000",20.79,501.0,Belmopan,568.0,105.68,-0.90%,BZD,2.31,59.70%,$1.13 ,"$1,879,613,600 ",111.70%,24.70%,11.2,Belize City,74.5,36.0,$1.65 ,English,22.70%,1.12,390353.0,65.1,26.3,31.1,6.41,179039.0,17.189877,-88.49765,North America
Benin,108,BJ,33.3,"112,622","12,000",36.22,229.0,Porto-Novo,6476.0,110.71,-0.90%,XOF,4.84,37.80%,$0.72 ,"$14,390,709,095 ",122.00%,12.30%,60.5,Cotonou,61.5,397.0,$0.39 ,French,40.50%,0.08,11801151.0,70.9,10.8,48.9,2.23,5648149.0,9.30769,2.315834,Africa
Bhutan,20,BT,13.6,"38,394","6,000",17.26,975.0,Thimphu,1261.0,167.18,2.70%,,1.98,72.50%,$0.98 ,"$2,446,674,101 ",100.10%,15.60%,24.8,Thimphu,71.5,183.0,$0.32 ,Dzongkha,19.80%,0.42,727145.0,66.7,16.0,35.3,2.34,317538.0,27.514162,90.433601,Asia
Bolivia,11,BO,34.8,"1,098,581","71,000",21.75,591.0,Sucre,21606.0,148.32,1.80%,BOB,2.73,50.30%,$0.71 ,"$40,895,322,865 ",98.20%,,21.8,Santa Cruz de la Sierra,71.2,155.0,$1.36 ,Spanish,25.90%,1.59,11513100.0,71.8,17.0,83.7,3.5,8033035.0,-16.290154,-63.588653,South America
Bosnia and Herzegovina,64,BA,43.1,"51,197","11,000",8.11,387.0,Sarajevo,21848.0,104.9,0.60%,BAM,1.27,42.70%,$1.05 ,"$20,047,848,435 ",,23.30%,5.0,Tuzla Canton,77.3,10.0,$1.04 ,Bosnian,28.60%,2.16,3301000.0,46.4,20.4,23.7,18.42,1605144.0,43.915886,17.679076,Europe
Botswana,4,BW,45.6,"581,730","9,000",24.82,267.0,Gaborone,6340.0,149.75,2.80%,BWP,2.87,18.90%,$0.71 ,"$18,340,510,789 ",103.20%,24.90%,30.0,Gaborone,69.3,144.0,$0.29 ,English,5.30%,0.37,2346179.0,70.8,19.5,25.1,18.19,1616550.0,-22.328474,24.684866,Africa
Brazil,25,BR,33.9,"8,515,770","730,000",13.92,55.0,Bras���,462299.0,167.4,3.70%,BRL,1.73,58.90%,$1.02 ,"$1,839,758,040,766 ",115.40%,51.30%,12.8,S����,75.7,60.0,$1.53 ,Portuguese,28.30%,2.15,212559417.0,63.9,14.2,65.1,12.08,183241641.0,-14.235004,-51.92528,South America
Brunei,83,BN,2.7,"5,765","8,000",14.9,673.0,Bandar Seri Begawan,7664.0,99.03,-0.40%,BND,1.85,72.10%,$0.37 ,"$13,469,422,941 ",103.20%,31.40%,9.8,,75.7,31.0,,Malay,6.00%,1.61,433285.0,64.7,,8.0,9.12,337711.0,4.535277,114.727669,Asia
Bulgaria,64,BG,46.3,"110,879","31,000",8.9,359.0,Sofia,41708.0,114.42,3.10%,BGN,1.56,35.40%,$1.11 ,"$86,000,000,000 ",89.30%,71.00%,5.9,Sofia,74.9,10.0,$1.57 ,Bulgarian,47.70%,4.03,6975761.0,55.4,20.2,28.3,4.34,5256027.0,42.733883,25.48583,Europe
Burkina Faso,76,BF,44.2,"274,200","11,000",37.93,226.0,Ouagadougou,3418.0,106.58,-3.20%,XOF,5.19,19.30%,$0.98 ,"$15,745,810,235 ",96.10%,6.50%,49.0,Ouagadougou,61.2,320.0,$0.34 ,French,36.10%,0.08,20321378.0,66.4,15.0,41.3,6.26,6092349.0,12.238333,-1.561593,Africa
Burundi,463,BI,79.2,"27,830","31,000",39.01,257.0,Bujumbura,495.0,182.11,-0.70%,BIF,5.41,10.90%,$1.21 ,"$3,012,334,882 ",121.40%,6.10%,41.0,Bujumbura,61.2,548.0,,Kirundi,19.10%,0.1,11530580.0,79.2,13.6,41.2,1.43,1541177.0,-3.373056,29.918886,Africa
Ivory Coast,83,CI,64.8,"322,463","27,000",35.74,225.0,Yamoussoukro,9674.0,111.61,-0.90%,XOF,4.65,32.70%,$0.93 ,"$58,792,205,642 ",99.80%,9.30%,59.4,Abidjan,57.4,617.0,$0.36 ,French,36.00%,0.23,25716544.0,57.0,11.8,50.1,3.32,13176900.0,7.539989,-5.54708,Africa
Cape Verde,138,CV,19.6,"4,033","1,000",19.49,238.0,Praia,543.0,110.5,1.10%,CVE,2.27,22.50%,$1.02 ,"$1,981,845,741 ",104.00%,23.60%,16.7,Praia,72.8,58.0,$0.68 ,Portuguese,23.20%,0.77,483628.0,60.5,20.1,37.5,12.25,364029.0,16.5388,-23.0418,Africa
Cambodia,95,KH,30.9,"181,035","191,000",22.46,855.0,Phnom Penh,9919.0,127.63,2.50%,,2.5,52.90%,$0.90 ,"$27,089,389,787 ",107.40%,13.70%,24.0,Phnom Penh,69.6,160.0,,Khmer language,59.40%,0.17,16486542.0,82.3,17.1,23.1,0.68,3924621.0,12.565679,104.990963,Asia
Cameroon,56,CM,20.6,"475,440","24,000",35.39,237.0,Yaound�,8291.0,118.65,2.50%,XAF,4.57,39.30%,$1.03 ,"$38,760,467,033 ",103.40%,12.80%,50.6,Douala,58.9,529.0,$0.35 ,French,69.70%,0.09,25876380.0,76.1,12.8,57.7,3.38,14741256.0,7.369722,12.354722,Africa
Canada,4,CA,6.9,"9,984,670","72,000",10.1,1.0,Ottawa,544894.0,116.76,1.90%,CAD,1.5,38.20%,$0.81 ,"$1,736,425,629,520 ",100.90%,68.90%,4.3,Toronto,81.9,10.0,$9.51 ,French,14.60%,2.61,36991981.0,65.1,12.8,24.5,5.56,30628482.0,56.130366,-106.346771,North America
Central African Republic,8,CF,8.2,"622,984","8,000",35.35,236.0,Bangui,297.0,186.86,37.10%,,4.72,35.60%,$1.41 ,"$2,220,307,369 ",102.00%,3.00%,84.5,Bangui,52.8,829.0,$0.37 ,French,39.60%,0.06,4745185.0,72.0,8.6,73.3,3.68,1982064.0,6.611111,20.939444,Africa
Chad,13,TD,39.7,"1,284,000","35,000",42.17,235.0,N'Djamena,1016.0,117.7,-1.00%,XAF,5.75,3.80%,$0.78 ,"$11,314,951,343 ",86.80%,3.30%,71.4,N'Djamena,54.0,1140.0,$0.60 ,French,56.40%,0.04,15946876.0,70.7,,63.5,1.89,3712273.0,15.454166,18.732207,Africa
Chile,26,CL,21.2,"756,096","122,000",12.43,56.0,Santiago,85822.0,131.91,2.60%,CLP,1.65,24.30%,$1.03 ,"$282,318,159,745 ",101.40%,88.50%,6.2,Santiago,80.0,13.0,$2.00 ,Spanish,32.20%,2.59,18952038.0,62.6,18.2,34.0,7.09,16610135.0,-35.675147,-71.542969,South America
China,153,CN,56.2,"9,596,960","2,695,000",10.9,86.0,Beijing,9893038.0,125.08,2.90%,CNY,1.69,22.40%,$0.96 ,"$19,910,000,000,000 ",100.20%,50.60%,7.4,Shanghai,77.0,29.0,$0.87 ,Standard Chinese,32.40%,1.98,1397715000.0,68.0,9.4,59.2,4.32,842933962.0,35.86166,104.195397,Asia
Colombia,46,CO,40.3,"1,138,910","481,000",14.88,57.0,Bogot�,97814.0,140.95,3.50%,COP,1.81,52.70%,$0.68 ,"$323,802,808,108 ",114.50%,55.30%,12.2,Bogot�,77.1,83.0,$1.23 ,Spanish,18.30%,2.18,50339443.0,68.8,14.4,71.2,9.71,40827302.0,4.570868,-74.297333,South America
Comoros,467,KM,71.5,"2,235",,31.88,269.0,"Moroni, Comoros",202.0,103.62,-4.30%,KMF,4.21,19.70%,,"$1,185,728,677 ",99.50%,9.00%,51.3,"Moroni, Comoros",64.1,273.0,$0.71 ,French,74.80%,0.27,850886.0,43.3,,219.6,4.34,248152.0,-11.6455,43.3333,Africa
Republic of the Congo,16,,31.1,"342,000","12,000",32.86,242.0,Brazzaville,3282.0,124.74,2.20%,XAF,4.43,65.40%,$0.97 ,"$10,820,591,131 ",106.60%,12.70%,36.2,Brazzaville,64.3,378.0,$0.88 ,French,43.80%,0.12,5380508.0,69.4,9.0,54.3,9.47,3625010.0,-0.228021,15.827659,Africa
Costa Rica,100,CR,34.5,"51,100","10,000",13.97,506.0,San Jos������,8023.0,128.85,2.10%,CRC,1.75,54.60%,$0.98 ,"$61,773,944,174 ",113.30%,55.20%,7.6,San Jos������,80.1,27.0,$1.84 ,Spanish,21.50%,2.89,5047561.0,62.1,13.6,58.3,11.85,4041885.0,9.748917,-83.753428,North America
Croatia,73,HR,27.6,"56,594","18,000",9.0,385.0,Zagreb,17488.0,109.82,0.80%,HRK,1.47,34.40%,$1.26 ,"$60,415,553,039 ",96.50%,67.90%,4.0,Zagreb,78.1,8.0,$2.92 ,Croatian,15.20%,3.0,4067500.0,51.2,22.0,20.5,6.93,2328318.0,45.1,15.2,Europe
Cuba,106,CU,59.9,"110,860","76,000",10.17,53.0,Havana,28284.0,,,CUP,1.62,31.30%,$1.40 ,"$100,023,000,000 ",101.90%,41.40%,3.7,Havana,78.7,36.0,$0.05 ,Spanish,,8.42,11333483.0,53.6,,,1.64,8739135.0,21.521757,-77.781167,North America
Cyprus,131,CY,12.2,"9,251","16,000",10.46,357.0,Nicosia,6626.0,102.51,0.30%,EUR,1.33,18.70%,$1.23 ,"$24,564,647,935 ",99.30%,75.90%,1.9,Statos�������,80.8,6.0,,Greek,43.90%,1.95,1198575.0,63.1,24.5,22.4,7.27,800708.0,35.126413,33.429859,Europe
Czech Republic,139,CZ,45.2,"78,867","23,000",10.7,420.0,Prague,102218.0,116.48,2.80%,CZK,1.69,34.60%,$1.17 ,"$246,489,245,495 ",100.70%,64.10%,2.7,Prague,79.0,3.0,$3.00 ,Czech,14.80%,4.12,10669709.0,60.6,14.9,46.1,1.93,7887156.0,49.817492,15.472962,Europe
Democratic Republic of the Congo,40,CD,11.6,"2,344,858","134,000",41.18,243.0,Kinshasa,2021.0,133.85,2.90%,CDF,5.92,67.20%,$1.49 ,"$47,319,624,204 ",108.00%,6.60%,68.2,Kinshasa,60.4,473.0,$0.18 ,French,37.40%,0.07,86790567.0,63.5,10.7,50.7,4.24,39095679.0,-4.038333,21.758664,Africa
Denmark,137,DK,62.0,"43,094","15,000",10.6,45.0,Copenhagen,31786.0,110.35,0.80%,DKK,1.73,14.70%,$1.55 ,"$348,078,018,464 ",101.30%,80.60%,3.6,Copenhagen,81.0,4.0,,Danish,13.70%,4.01,5818553.0,62.2,32.4,23.8,4.91,5119978.0,56.26392,9.501785,Europe
Djibouti,43,DJ,73.4,"23,200","13,000",21.47,253.0,Djibouti City,620.0,120.25,3.30%,DJF,2.73,0.20%,$1.32 ,"$3,318,716,359 ",75.30%,5.30%,49.8,Djibouti City,66.6,248.0,,French,20.40%,0.22,973560.0,60.2,,37.9,10.3,758549.0,11.825138,42.590275,Africa
Dominica,96,DM,33.3,751,,12.0,1.0,Roseau,180.0,103.87,1.00%,XCD,1.9,57.40%,,"$596,033,333 ",114.70%,7.20%,32.9,Roseau,76.6,,$1.48 ,English,28.40%,1.08,71808.0,,22.1,32.6,,50830.0,15.414999,-61.370976,North America
Dominican Republic,225,DO,48.7,"48,670","71,000",19.51,1.0,Santo Domingo,25258.0,135.5,1.80%,DOP,2.35,41.70%,$1.07 ,"$88,941,298,258 ",105.70%,59.90%,24.1,Santo Domingo,73.9,95.0,$0.40 ,Spanish,43.70%,1.56,10738958.0,64.3,13.0,48.8,5.84,8787475.0,18.735693,-70.162651,North America
Ecuador,71,EC,22.2,"283,561","41,000",19.72,593.0,Quito,41155.0,124.14,0.30%,USD,2.43,50.20%,$0.61 ,"$107,435,665,000 ",103.30%,44.90%,12.2,Quito,76.8,59.0,$2.46 ,Spanish,43.70%,2.04,17373662.0,68.0,,34.4,3.97,11116711.0,-1.831239,-78.183406,South America
Egypt,103,EG,3.8,"1,001,450","836,000",26.38,20.0,Cairo,238560.0,288.57,9.20%,EGP,3.33,0.10%,$0.40 ,"$303,175,127,598 ",106.30%,35.20%,18.1,Cairo,71.8,37.0,,Modern Standard Arabic,62.00%,0.45,100388073.0,46.4,12.5,44.4,10.76,42895824.0,26.820553,30.802498,Africa
El Salvador,313,SV,76.4,"21,041","42,000",18.25,503.0,San Salvador,7169.0,111.23,0.10%,,2.04,12.60%,$0.83 ,"$27,022,640,000 ",94.80%,29.40%,11.8,San Salvador,73.1,46.0,$0.50 ,Spanish,27.90%,1.57,6453553.0,59.1,18.1,36.4,4.11,4694702.0,13.794185,-88.89653,North America
Equatorial Guinea,50,GQ,10.1,"28,051","1,000",33.24,240.0,Malabo,5655.0,124.35,1.20%,XAF,4.51,55.50%,,"$11,026,774,945 ",61.80%,1.90%,62.6,Malabo,58.4,301.0,$1.05 ,Spanish,72.00%,0.4,1355986.0,62.0,6.1,79.4,6.43,984812.0,1.650801,10.267895,Africa
Eritrea,35,ER,75.2,"117,600","202,000",30.3,291.0,Asmara,711.0,,,ERN,4.06,14.90%,$2.00 ,"$2,065,001,626 ",68.40%,3.40%,31.3,Asmara,65.9,480.0,,Tigrinya,52.40%,0.06,6333135.0,78.4,,83.7,5.14,1149670.0,15.179384,39.782334,Africa
Estonia,31,EE,23.1,"45,228","6,000",10.9,372.0,Tallinn,16590.0,122.14,2.30%,EUR,1.59,51.30%,$1.14 ,"$31,386,949,981 ",97.20%,69.60%,2.1,Tallinn,78.2,9.0,$3.14 ,Estonian,22.80%,4.48,1331824.0,63.6,20.9,47.8,5.11,916024.0,58.595272,25.013607,Europe
Eswatini,67,,,"17,364",,,268.0,Mbabane,,,,,,,,"$3,791,304,348 ",,,,Mbabane,,,,English,11.30%,,1093238.0,,28.6,,,,-26.522503,31.465866,Africa
Ethiopia,115,ET,36.3,"1,104,300","138,000",32.34,251.0,Addis Ababa,14870.0,143.86,15.80%,ETB,4.25,12.50%,$0.75 ,"$96,107,662,398 ",101.00%,8.10%,39.1,Addis Ababa,66.2,401.0,,Amharic,37.80%,0.08,112078730.0,79.6,7.5,37.7,2.08,23788710.0,9.145,40.489673,Africa
Fiji,49,FJ,23.3,"18,274","4,000",21.28,679.0,Suva,2046.0,132.3,1.80%,FJD,2.77,55.90%,$0.82 ,"$5,535,548,972 ",106.40%,16.10%,21.6,Suva,67.3,34.0,$1.28 ,Fiji Hindi,21.40%,0.84,889953.0,57.6,24.2,32.1,4.1,505048.0,-17.713371,178.065032,Oceania
Finland,18,FI,7.5,"338,145","25,000",8.6,358.0,Helsinki,45871.0,112.33,1.00%,EUR,1.41,73.10%,$1.45 ,"$268,761,201,365 ",100.20%,88.20%,1.4,Helsinki,81.7,3.0,,Swedish,19.90%,3.81,5520314.0,59.1,20.8,36.6,6.59,4716888.0,61.92411,25.748151,Europe
France,119,FR,52.4,"643,801","307,000",11.3,33.0,Paris,303276.0,110.05,1.10%,EUR,1.88,31.20%,$1.39 ,"$2,715,518,274,227 ",102.50%,65.60%,3.4,Paris,82.5,8.0,$11.16 ,French,6.80%,3.27,67059887.0,55.1,24.2,60.7,8.43,54123364.0,46.227638,2.213749,Europe
Gabon,9,GA,20.0,"267,667","7,000",31.61,241.0,Libreville,5321.0,122.19,2.10%,XAF,3.97,90.00%,$0.92 ,"$16,657,960,228 ",139.90%,8.30%,32.7,Libreville,66.2,252.0,$1.46 ,French,25.90%,0.68,2172579.0,52.9,10.2,47.1,20.0,1949694.0,-0.803689,11.609444,Africa
The Gambia,239,GM,59.8,"11,300","1,000",38.54,220.0,Banjul,532.0,172.73,7.10%,GMD,5.22,48.40%,$1.18 ,"$1,763,819,048 ",98.00%,2.70%,39.0,Serekunda,61.7,597.0,$0.13 ,English,20.30%,0.1,2347706.0,59.4,9.4,48.4,9.06,1453958.0,13.443182,-15.310139,Africa
Georgia,57,GE,34.5,"69,700","26,000",13.47,995.0,Tbilisi,10128.0,133.61,4.90%,GEL,2.06,40.60%,$0.76 ,"$17,743,195,770 ",98.60%,63.90%,8.7,Tbilisi,73.6,25.0,$0.05 ,Georgian,57.30%,7.12,3720382.0,68.3,21.7,9.9,14.4,2196476.0,42.315407,43.356892,Europe
Germany,240,DE,47.7,"357,022","180,000",9.5,49.0,Berlin,727973.0,112.85,1.40%,EUR,1.56,32.70%,$1.39 ,"$3,845,630,030,824 ",104.00%,70.20%,3.1,Berlin,80.9,7.0,$9.99 ,German,12.50%,4.25,83132799.0,60.8,11.5,48.8,3.04,64324835.0,51.165691,10.451526,Europe
Ghana,137,GH,69.0,"238,533","16,000",29.41,233.0,Accra,16670.0,268.36,7.20%,GHS,3.87,41.20%,$0.92 ,"$66,983,634,224 ",104.80%,15.70%,34.9,Accra,63.8,308.0,$0.27 ,English,36.10%,0.14,30792608.0,67.8,12.6,55.4,4.33,17249054.0,7.946527,-1.023194,Africa
Greece,81,GR,47.6,"131,957","146,000",8.1,30.0,Athens,62434.0,101.87,0.20%,EUR,1.35,31.70%,$1.54 ,"$209,852,761,469 ",99.60%,136.60%,3.6,Macedonia,81.3,3.0,$4.46 ,Greek,35.50%,5.48,10716322.0,51.8,26.2,51.9,17.24,8507474.0,39.074208,21.824312,Europe
Grenada,331,GD,23.5,349,,16.47,1.0,"St. George's, Grenada",268.0,107.43,0.80%,XCD,2.06,50.00%,$1.12 ,"$1,228,170,370 ",106.90%,104.60%,13.7,"St. George's, Grenada",72.4,25.0,,English,57.00%,1.41,112003.0,,19.4,47.8,,40765.0,12.1165,-61.679,North America
Guatemala,167,GT,36.0,"108,889","43,000",24.56,502.0,Guatemala City,16777.0,142.92,3.70%,GTQ,2.87,32.70%,$0.79 ,"$76,710,385,880 ",101.90%,21.80%,22.1,Guatemala City,74.1,95.0,$1.60 ,Spanish,55.80%,0.35,16604026.0,62.3,10.6,35.2,2.46,8540945.0,15.783471,-90.230759,North America
Guinea,53,GN,59.0,"245,857","13,000",36.36,224.0,Conakry,2996.0,262.95,9.50%,GNF,4.7,25.80%,$0.90 ,"$13,590,281,809 ",91.50%,11.60%,64.9,Kankan,61.2,576.0,,French,54.50%,0.08,12771246.0,61.5,10.8,69.3,4.3,4661505.0,9.945587,-9.696645,Africa
Guinea-Bissau,70,GW,58.0,"36,125","4,000",35.13,245.0,Bissau,293.0,111.65,1.40%,XOF,4.48,69.80%,,"$1,340,389,411 ",118.70%,2.60%,54.0,Bissau,58.0,667.0,$0.16 ,Portuguese,37.20%,0.13,1920922.0,72.0,10.3,45.5,2.47,840922.0,11.803749,-15.180413,Africa
Guyana,4,GY,8.6,"214,969","3,000",19.97,592.0,"Georgetown, Guyana",2384.0,116.19,2.10%,GYD,2.46,83.90%,$0.90 ,"$4,280,443,645 ",97.80%,11.60%,25.1,"Georgetown, Guyana",69.8,169.0,$0.98 ,English,40.50%,0.8,782766.0,56.2,,30.6,11.85,208912.0,4.860416,-58.93018,South America
Haiti,414,HT,66.8,"27,750",0,24.35,509.0,Port-au-Prince,2978.0,179.29,12.50%,HTG,2.94,3.50%,$0.81 ,"$8,498,981,821 ",113.60%,1.10%,49.5,Port-au-Prince,63.7,480.0,$0.25 ,French,36.30%,0.23,11263077.0,67.2,,42.7,13.78,6328948.0,18.971187,-72.285215,North America
Vatican City,2003,,,0,,,379.0,Vatican City,,,,EUR,,,,,,,,,,,,Italian,,,836.0,,,,,,41.902916,12.453389,Europe
Honduras,89,HN,28.9,"112,090","23,000",21.6,504.0,Tegucigalpa,9813.0,150.34,4.40%,HNL,2.46,40.00%,$0.98 ,"$25,095,395,475 ",91.50%,26.20%,15.1,Tegucigalpa,75.1,65.0,$1.01 ,Spanish,49.10%,0.31,9746117.0,68.8,17.3,39.1,5.39,5626433.0,15.199999,-86.241905,North America
Hungary,107,HU,58.4,"93,028","40,000",9.6,36.0,Budapest,45537.0,121.64,3.30%,HUF,1.54,22.90%,$1.18 ,"$160,967,157,504 ",100.80%,48.50%,3.6,Budapest,75.8,12.0,$2.62 ,Hungarian,29.00%,3.41,9769949.0,56.5,23.0,37.9,3.4,6999582.0,47.162494,19.503304,Europe
Iceland,3,IS,18.7,"103,000",0,12.0,354.0,Reykjav��,2065.0,129,3.00%,ISK,1.71,0.50%,$1.69 ,"$24,188,035,739 ",100.40%,71.80%,1.5,Reykjav��,82.7,4.0,,Icelandic,17.00%,4.08,361313.0,75.0,23.3,31.9,2.84,339110.0,64.963051,-19.020835,Europe
India,464,IN,60.4,"3,287,263","3,031,000",17.86,91.0,New Delhi,2407672.0,180.44,7.70%,INR,2.22,23.80%,$0.97 ,"$2,611,000,000,000 ",113.00%,28.10%,29.9,Kurebhar,69.4,145.0,$0.30 ,Hindi,65.10%,0.86,1366417754.0,49.3,11.2,49.7,5.36,471031528.0,20.593684,78.96288,Asia
Indonesia,151,ID,31.5,"1,904,569","676,000",18.07,62.0,Jakarta,563325.0,151.18,3.00%,IDR,2.31,49.90%,$0.63 ,"$1,119,190,780,753 ",106.40%,36.30%,21.1,Kalimantan,71.5,177.0,$0.48 ,Indonesian,48.30%,0.43,270203917.0,67.5,10.2,30.1,4.69,151509724.0,-0.789275,113.921327,Asia
Iran,52,IR,28.2,"1,648,195","563,000",18.78,98.0,Tehran,661710.0,550.93,39.90%,IRR,2.14,6.60%,$0.40 ,"$445,345,282,123 ",110.70%,68.10%,12.4,Tehran,76.5,16.0,$1.58 ,Persian,39.70%,1.58,82913906.0,44.7,7.4,44.7,11.38,62509623.0,32.427908,53.688046,Asia
Iraq,93,IQ,21.4,"438,317","209,000",29.08,964.0,Baghdad,190061.0,119.86,0.40%,IQD,3.67,1.90%,$0.61 ,"$234,094,042,939 ",108.70%,16.20%,22.5,Baghdad,70.5,79.0,$1.24 ,Arabic,76.50%,0.71,39309783.0,43.0,2.0,30.8,12.82,27783368.0,33.223191,43.679291,Asia
Republic of Ireland,72,,64.5,"70,273","9,000",12.5,353.0,Dublin,37711.0,106.58,0.90%,EUR,1.75,11.00%,$1.37 ,"$388,698,711,348 ",100.90%,77.80%,3.1,Connacht,82.3,5.0,$10.79 ,Irish,15.20%,3.31,5007069.0,62.1,18.3,26.1,4.93,3133123.0,53.41291,-8.24389,Europe
Israel,400,IL,24.6,"20,770","178,000",20.8,972.0,Jerusalem,65166.0,108.15,0.80%,ILS,3.09,7.70%,$1.57 ,"$395,098,666,122 ",104.90%,63.40%,3.0,Jerusalem,82.8,3.0,$7.58 ,Hebrew,24.40%,4.62,9053300.0,64.0,23.1,25.3,3.86,8374393.0,31.046051,34.851612,Asia
Italy,206,IT,43.2,"301,340","347,000",7.3,39.0,Rome,320411.0,110.62,0.60%,EUR,1.29,31.80%,$1.61 ,"$2,001,244,392,042 ",101.90%,61.90%,2.6,Rome,82.9,2.0,,Italian,22.80%,3.98,60297396.0,49.6,24.3,59.1,9.89,42651966.0,41.87194,12.56738,Europe
Jamaica,273,JM,41.0,"10,991","4,000",16.1,1876.0,"Kingston, Jamaica",8225.0,162.47,3.90%,JMD,1.98,30.90%,$1.11 ,"$16,458,071,068 ",91.00%,27.10%,12.4,"Kingston, Jamaica",74.4,80.0,$1.33 ,Jamaican English,23.70%,1.31,2948279.0,66.0,26.8,35.1,8.0,1650594.0,18.109581,-77.297508,North America
Japan,347,JP,12.3,"377,944","261,000",7.4,81.0,Tokyo,1135886.0,105.48,0.50%,,1.42,68.50%,$1.06 ,"$5,081,769,542,380 ",98.80%,63.20%,1.8,Tokyo,84.2,5.0,$6.77 ,None,13.10%,2.41,126226568.0,61.7,11.9,46.7,2.29,115782416.0,36.204824,138.252924,Asia
Jordan,115,JO,12.0,"89,342","116,000",21.98,962.0,Amman,25108.0,125.6,0.80%,JOD,2.76,1.10%,$1.10 ,"$43,743,661,972 ",81.50%,34.40%,13.9,Amman,74.4,46.0,$1.49 ,Arabic,25.10%,2.32,10101694.0,39.3,15.1,28.6,14.72,9213048.0,30.585164,36.238414,Asia
Kazakhstan,7,KZ,80.4,"2,724,900","71,000",21.77,7.0,Astana,247207.0,182.75,5.20%,KZT,2.84,1.20%,$0.42 ,"$180,161,741,180 ",104.40%,61.70%,8.8,Almaty,73.2,10.0,$0.41 ,Russian,38.80%,3.25,18513930.0,68.8,11.7,28.4,4.59,10652915.0,48.019573,66.923684,Asia
Kenya,94,KE,48.5,"580,367","29,000",28.75,254.0,Nairobi,17910.0,180.51,4.70%,KES,3.49,7.80%,$0.95 ,"$95,503,088,538 ",103.20%,11.50%,30.6,Nairobi,66.3,342.0,$0.25 ,Swahili,33.40%,0.16,52573973.0,74.7,15.1,37.2,2.64,14461523.0,-0.023559,37.906193,Africa
Kiribati,147,KI,42.0,811,,27.89,686.0,South Tarawa,66.0,99.55,0.60%,AUD,3.57,15.00%,,"$194,647,202 ",101.30%,,41.2,South Tarawa,68.1,92.0,,English,0.20%,0.2,117606.0,,22.0,32.7,,64489.0,1.8368976,-157.3768317,Oceania
Kuwait,240,KW,8.4,"17,818","25,000",13.94,965.0,Kuwait City,98734.0,126.6,1.10%,KWD,2.08,0.40%,$0.35 ,"$134,761,198,946 ",92.40%,54.40%,6.7,Kuwait City,75.4,12.0,$0.95 ,Modern Standard Arabic,14.40%,2.58,4207083.0,73.5,1.4,13.0,2.18,4207083.0,29.31166,47.481766,Asia
Kyrgyzstan,34,KG,55.0,"199,951","21,000",27.1,996.0,Bishkek,9787.0,155.68,1.10%,KGS,3.3,3.30%,$0.56 ,"$8,454,619,608 ",107.60%,41.30%,16.9,Bishkek,71.4,60.0,$0.09 ,Russian,48.20%,1.88,6456900.0,59.8,18.0,29.0,6.33,2362644.0,41.20438,74.766098,Asia
Laos,32,LA,10.3,"236,800","129,000",23.55,856.0,Vientiane,17763.0,135.87,3.30%,LAK,2.67,82.10%,$0.93 ,"$18,173,839,128 ",102.40%,15.00%,37.6,Vientiane,67.6,185.0,$0.83 ,Lao,45.40%,0.37,7169455.0,78.5,12.9,24.1,0.63,2555552.0,19.85627,102.495496,Asia
Latvia,30,LV,31.1,"64,589","6,000",10.0,371.0,Riga,7004.0,116.86,2.80%,EUR,1.6,54.00%,$1.16 ,"$34,117,202,555 ",99.40%,88.10%,3.3,Riga,74.7,19.0,$2.80 ,Latvian,41.60%,3.19,1912789.0,61.4,22.9,38.1,6.52,1304943.0,56.879635,24.603189,Europe
Lebanon,667,LB,64.3,"10,400","80,000",17.55,961.0,Beirut,24796.0,130.02,3.00%,LBP,2.09,13.40%,$0.74 ,"$53,367,042,272 ",95.10%,26.30%,6.4,"Tripoli, Lebanon",78.9,29.0,$2.15 ,Arabic,32.10%,2.1,6855713.0,47.0,15.3,32.2,6.23,6084994.0,33.854721,35.862285,Asia
Lesotho,71,LS,77.6,"30,355","2,000",26.81,266.0,Maseru,2512.0,155.86,5.20%,,3.14,1.60%,$0.70 ,"$2,460,072,444 ",120.90%,10.20%,65.7,Maseru,53.7,544.0,$0.41 ,English,16.90%,0.07,2125268.0,67.9,31.6,13.6,23.41,607508.0,-29.609988,28.233608,Africa
Liberia,53,LR,28.0,"111,369","2,000",33.04,231.0,Monrovia,1386.0,223.13,23.60%,,4.32,43.10%,$0.80 ,"$3,070,518,100 ",85.10%,11.90%,53.5,Monrovia,63.7,661.0,$0.17 ,English,19.60%,0.04,4937374.0,76.3,12.9,46.2,2.81,2548426.0,6.428055,-9.429499,Africa
Libya,4,LY,8.7,"1,759,540",0,18.83,218.0,,50564.0,125.71,2.60%,LYD,2.24,0.10%,$0.11 ,"$52,076,250,948 ",109.00%,60.50%,10.2,,72.7,72.0,$1.88 ,Arabic,36.70%,2.09,6777452.0,49.7,,32.6,18.56,5448597.0,26.3351,17.228331,Africa
Liechtenstein,238,LI,32.2,160,,9.9,423.0,Vaduz,51.0,,,CHF,1.44,43.10%,$1.74 ,"$6,552,858,739 ",104.70%,35.60%,,Schaan,83.0,,,German,,,38019.0,,,21.6,,5464.0,47.1410392,9.520935,Europe
Lithuania,43,LT,47.2,"65,300","34,000",10.0,370.0,Vilnius,12963.0,118.38,2.30%,EUR,1.63,34.80%,$1.16 ,"$54,219,315,600 ",103.90%,72.40%,3.3,Vilnius,75.7,8.0,$2.41 ,Lithuanian,32.10%,6.35,2786844.0,61.6,16.9,42.6,6.35,1891013.0,55.169438,23.881275,Europe
Luxembourg,242,LU,53.7,"2,586","2,000",10.3,352.0,Luxembourg City,8988.0,115.09,1.70%,EUR,1.37,35.70%,$1.19 ,"$71,104,919,108 ",102.30%,19.20%,1.9,Luxembourg City,82.1,5.0,$13.05 ,Luxembourgish,10.60%,3.01,645397.0,59.3,26.5,20.4,5.36,565488.0,49.815273,6.129583,Europe
Madagascar,48,MG,71.2,"587,041","22,000",32.66,261.0,Antananarivo,3905.0,184.33,5.60%,MGA,4.08,21.40%,$1.11 ,"$14,083,906,357 ",142.50%,5.40%,38.2,Antananarivo,66.7,335.0,$0.21 ,French,21.70%,0.18,26969307.0,86.1,10.2,38.3,1.76,10210849.0,-18.766947,46.869107,Africa
Malawi,203,MW,61.4,"118,484","15,000",34.12,265.0,Lilongwe,1298.0,418.34,9.40%,MWK,4.21,33.20%,$1.15 ,"$7,666,704,427 ",142.50%,0.80%,35.3,Lilongwe,63.8,349.0,$0.12 ,English,11.00%,0.04,18628747.0,76.7,17.3,34.5,5.65,3199301.0,-13.254308,34.301525,Africa
Malaysia,99,MY,26.3,"329,847","136,000",16.75,60.0,Kuala Lumpur,248289.0,121.46,0.70%,MYR,2.0,67.60%,$0.45 ,"$364,701,517,788 ",105.30%,45.10%,6.7,Johor Bahru,76.0,29.0,$0.93 ,Malaysian language,36.70%,1.51,32447385.0,64.3,12.0,38.7,3.32,24475766.0,4.210484,101.975766,Asia
Maldives,1802,MV,26.3,298,"5,000",14.2,960.0,Mal�,1445.0,99.7,0.20%,,1.87,3.30%,$1.63 ,"$5,729,248,472 ",97.10%,31.20%,7.4,Mal�,78.6,53.0,,Divehi,16.40%,4.56,530953.0,69.8,19.5,30.2,6.14,213645.0,3.202778,73.22068,Asia
Mali,17,ML,33.8,"1,240,192","18,000",41.54,223.0,Bamako,3179.0,108.73,-1.70%,XOF,5.88,3.80%,$1.12 ,"$17,510,141,171 ",75.60%,4.50%,62.0,Bamako,58.9,562.0,$0.23 ,French,46.30%,0.13,19658031.0,70.8,11.6,54.5,7.22,8479688.0,17.570692,-3.996166,Africa
Malta,1380,MT,32.4,316,"2,000",9.2,356.0,Valletta,1342.0,113.45,1.60%,EUR,1.23,1.10%,$1.36 ,"$14,786,156,563 ",105.00%,54.30%,6.1,Birkirkara,82.3,6.0,$5.07 ,Maltese,37.10%,2.86,502653.0,56.5,26.2,44.0,3.47,475902.0,35.937496,14.375416,Europe
Marshall Islands,329,MH,63.9,181,,29.03,692.0,Majuro,143.0,,,USD,4.05,70.20%,$1.44 ,"$221,278,000 ",84.70%,23.70%,27.4,Majuro,65.2,,$2.00 ,Marshallese,10.00%,0.42,58791.0,,17.8,65.9,,45514.0,7.131474,171.184478,Oceania
Mauritania,5,MR,38.5,"1,030,700","21,000",33.69,222.0,Nouakchott,2739.0,135.02,2.30%,MRU,4.56,0.20%,$1.13 ,"$7,593,752,450 ",99.90%,5.00%,51.5,Nouakchott,64.7,766.0,$0.53 ,Arabic,48.20%,0.19,4525696.0,45.9,,67.0,9.55,2466821.0,21.00789,-10.940835,Africa
Mauritius,626,MU,42.4,"2,040","3,000",10.2,230.0,Port Louis,4349.0,129.91,0.40%,MUR,1.41,19.00%,$1.12 ,"$14,180,444,557 ",101.10%,40.60%,13.6,Port Louis,74.4,61.0,$0.38 ,French,50.70%,2.53,1265711.0,58.3,19.1,22.2,6.67,515980.0,-20.348404,57.552152,Africa
Mexico,66,MX,54.6,"1,964,375","336,000",17.6,52.0,Mexico City,486406.0,141.54,3.60%,MXN,2.13,33.90%,$0.73 ,"$1,258,286,717,125 ",105.80%,40.20%,11.0,Mexico City,75.0,33.0,$0.49 ,None,41.40%,2.38,126014024.0,60.7,13.1,55.1,3.42,102626859.0,23.634501,-102.552784,North America
Federated States of Micronesia,784,FM,31.4,702,,22.82,691.0,Palikir,143.0,112.1,0.50%,USD,3.05,91.90%,,"$401,932,279 ",97.20%,14.10%,25.6,Palikir,67.8,88.0,,English,2.50%,0.18,113815.0,,25.2,60.5,,25963.0,7.425554,150.550812,Oceania
Moldova,123,MD,74.2,"33,851","7,000",10.1,373.0,Chi����,5115.0,166.2,4.80%,MDL,1.26,12.60%,$0.80 ,"$11,955,435,457 ",90.60%,39.80%,13.6,Chi����,71.8,19.0,$0.31 ,Romanian,46.20%,3.21,2657637.0,43.1,17.7,38.7,5.47,1135502.0,47.411631,28.369885,Europe
Monaco,26337,MC,,2,,5.9,377.0,Monaco City,,,,EUR,,,$2.00 ,"$7,184,844,193 ",,,2.6,Monaco City,,,$11.72 ,French,6.10%,6.56,38964.0,,,,,38964.0,43.7384176,7.4246158,Europe
Mongolia,2,MN,71.5,"1,564,116","18,000",24.13,976.0,Ulaanbaatar,25368.0,195.76,7.30%,MNT,2.9,8.00%,$0.72 ,"$13,852,850,259 ",104.00%,65.60%,14.0,Ulaanbaatar,69.7,45.0,$0.65 ,Mongolian,39.30%,2.86,3225167.0,59.7,16.8,25.7,6.01,2210626.0,46.862496,103.846656,Asia
Montenegro,47,ME,19.0,"13,812","12,000",11.73,382.0,Podgorica,2017.0,116.32,2.60%,EUR,1.75,61.50%,$1.16 ,"$5,494,736,901 ",100.00%,56.10%,2.3,Podgorica,76.8,6.0,$1.23 ,Montenegrin language,31.80%,2.76,622137.0,54.4,,22.2,14.88,417765.0,42.708678,19.37439,Europe
Morocco,83,MA,68.5,"446,550","246,000",18.94,212.0,Rabat,61276.0,111.07,0.20%,MAD,2.42,12.60%,$0.99 ,"$118,725,279,596 ",113.90%,35.90%,19.2,Casablanca,76.5,70.0,$1.60 ,Arabic,53.10%,0.73,36910560.0,45.3,21.9,45.8,9.02,22975026.0,31.791702,-7.09262,Africa
Mozambique,40,MZ,63.5,"799,380","11,000",37.52,258.0,Maputo,7943.0,182.31,2.80%,MZN,4.85,48.00%,$0.65 ,"$14,934,159,926 ",112.60%,7.30%,54.0,Maputo,60.2,289.0,$0.27 ,Portuguese,6.80%,0.08,30366036.0,78.1,0.0,36.1,3.24,11092106.0,-18.665695,35.529562,Africa
Myanmar,83,MM,19.5,"676,578","513,000",17.55,95.0,Naypyidaw,25280.0,168.18,8.80%,MMK,2.15,43.60%,$0.54 ,"$76,085,852,617 ",112.30%,18.80%,36.8,Yangon,66.9,250.0,$0.39 ,Burmese,73.90%,0.68,54045420.0,61.7,5.4,31.2,1.58,16674093.0,21.916221,95.955974,Asia
Namibia,3,,47.1,"824,292","16,000",28.64,264.0,Windhoek,4228.0,157.97,3.70%,,3.4,8.30%,$0.76 ,"$12,366,527,719 ",124.20%,22.90%,29.0,Windhoek,63.4,195.0,,English,8.30%,0.42,2494530.0,59.5,27.1,20.7,20.27,1273258.0,-22.95764,18.49041,Africa
Nauru,541,NR,,21,,,674.0,Yaren District,,,,AUD,,,,"$133,000,000 ",,,,,,,,English,,,10084.0,,,,,,-0.522778,166.931503,Oceania
Nepal,203,NP,28.7,"147,181","112,000",19.89,977.0,Kathmandu,9105.0,188.73,5.60%,NPR,1.92,25.40%,$0.91 ,"$30,641,380,604 ",142.10%,12.40%,26.7,Kathmandu,70.5,186.0,$0.36 ,Nepali,60.40%,0.75,28608710.0,83.8,20.7,41.8,1.41,5765513.0,28.394857,84.124008,Asia
Netherlands,508,NL,53.3,"41,543","41,000",9.7,31.0,Amsterdam,170780.0,115.91,2.60%,,1.59,11.20%,$1.68 ,"$909,070,395,161 ",104.20%,85.00%,3.3,Amsterdam,81.8,5.0,$10.29 ,Dutch,12.30%,3.61,17332850.0,63.6,23.0,41.2,3.2,15924729.0,52.132633,5.291266,Europe
New Zealand,18,NZ,40.5,"268,838","9,000",11.98,64.0,Wellington,34382.0,114.24,1.60%,NZD,1.71,38.60%,$1.40 ,"$206,928,765,544 ",100.00%,82.00%,4.7,Auckland,81.9,9.0,$11.49 ,English,12.60%,3.59,4841000.0,69.9,29.0,34.6,4.07,4258860.0,-40.900557,174.885971,Oceania
Nicaragua,55,NI,42.1,"130,370","12,000",20.64,505.0,Managua,5592.0,162.74,5.40%,NIO,2.4,25.90%,$0.91 ,"$12,520,915,291 ",120.60%,17.40%,15.7,Managua,74.3,98.0,$0.54 ,Spanish,36.00%,0.98,6545502.0,66.4,15.6,60.6,6.84,3846137.0,12.865416,-85.207229,North America
Niger,19,NE,36.1,"1,267,000","10,000",46.08,227.0,Niamey,2017.0,109.32,-2.50%,XOF,6.91,0.90%,$0.88 ,"$12,928,145,120 ",74.70%,4.40%,48.0,Niamey,62.0,509.0,$0.29 ,French,52.30%,0.04,23310715.0,72.0,11.8,47.2,0.47,3850231.0,17.607789,8.081666,Africa
Nigeria,226,NG,77.7,"923,768","215,000",37.91,234.0,Abuja,120369.0,267.51,11.40%,NGN,5.39,7.20%,$0.46 ,"$448,120,428,859 ",84.70%,10.20%,75.7,Lagos,54.3,917.0,$0.54 ,English,72.20%,0.38,200963599.0,52.9,1.5,34.8,8.1,102806948.0,9.081999,8.675277,Africa
North Korea,214,KP,21.8,"120,538","1,469,000",13.89,850.0,Pyongyang,28284.0,,,KPW,1.9,40.70%,$0.58 ,"$32,100,000,000 ",112.80%,27.00%,13.7,Pyongyang,72.1,89.0,,Korean,,3.67,25666161.0,80.4,,,2.74,15947412.0,40.339852,127.510093,Asia
North Macedonia,83,,,"25,713",,,389.0,Skopje,,,,MKD,,,,"$10,220,781,069 ",,,,Skopje,,,,Macedonian,35.60%,,1836713.0,,,,,,41.608635,21.745275,Europe
Norway,15,NO,2.7,"323,802","23,000",10.4,47.0,Oslo,41023.0,120.27,2.20%,NOK,1.56,33.20%,$1.78 ,"$403,336,363,636 ",100.30%,82.00%,2.1,Oslo,82.8,2.0,,Norwegian,14.30%,2.92,5347896.0,63.8,23.9,36.2,3.35,4418218.0,60.472024,8.468946,Europe
Oman,16,OM,4.6,"309,500","47,000",19.19,968.0,Muscat,63457.0,113.53,0.10%,OMR,2.89,0.00%,$0.45 ,"$76,983,094,928 ",103.40%,38.00%,9.8,Seeb,77.6,19.0,$4.33 ,Arabic,6.40%,2.0,5266535.0,72.4,2.5,27.4,2.67,4250777.0,21.4735329,55.975413,Asia
Pakistan,287,PK,47.8,"796,095","936,000",28.25,92.0,Islamabad,201150.0,182.32,10.60%,PKR,3.51,1.90%,$0.79 ,"$304,400,000,000 ",94.30%,9.00%,57.2,Karachi,67.1,140.0,$0.69 ,Urdu,66.50%,0.98,216565318.0,52.6,9.2,33.9,4.45,79927762.0,30.375321,69.345116,Asia
Palau,39,PW,10.9,459,,14.0,680.0,Ngerulmud,224.0,118.17,1.30%,USD,2.21,87.60%,,"$283,994,900 ",112.60%,54.70%,16.6,Koror,69.1,,$3.00 ,English,21.80%,1.18,18233.0,,21.3,76.6,,14491.0,7.51498,134.58252,Oceania
Palestinian National Authority,847,,,,,,,,,,,,,,,,,,,,,,,Arabic,,,,,,,,,31.952162,35.233154,Asia
Panama,58,PA,30.4,"75,420","26,000",18.98,507.0,Panama City,10715.0,122.07,-0.40%,,2.46,61.90%,$0.74 ,"$66,800,800,000 ",94.40%,47.80%,13.1,Panama City,78.3,52.0,$1.53 ,Spanish,30.50%,1.57,4246439.0,66.6,,37.2,3.9,2890084.0,8.537981,-80.782127,North America
Papua New Guinea,20,PG,2.6,"462,840","4,000",27.07,675.0,Port Moresby,7536.0,155.99,3.60%,PGK,3.56,74.10%,$1.36 ,"$24,969,611,435 ",108.50%,1.80%,38.0,Port Moresby,64.3,145.0,$1.16 ,Tok Pisin,5.80%,0.07,8776109.0,47.2,13.6,37.1,2.46,1162834.0,-6.314993,143.95555,Oceania
Paraguay,18,PY,55.1,"406,752","27,000",20.57,595.0,Asunci��,7407.0,143.82,2.80%,PYG,2.43,37.70%,$1.04 ,"$38,145,288,940 ",104.40%,34.60%,17.2,Ciudad del Este,74.1,129.0,$1.55 ,Spanish,36.50%,1.35,7044636.0,72.1,10.0,35.0,4.81,4359150.0,-23.442503,-58.443832,South America
Peru,26,PE,18.5,"1,285,216","158,000",17.95,51.0,Lima,57414.0,129.78,2.10%,PEN,2.25,57.70%,$0.99 ,"$226,848,050,820 ",106.90%,70.70%,11.1,Lima,76.5,88.0,$1.28 ,Spanish,30.90%,1.27,32510453.0,77.6,14.3,36.8,3.31,25390339.0,-9.189967,-75.015152,South America
Philippines,368,PH,41.7,"300,000","153,000",20.55,63.0,Manila,122287.0,129.61,2.50%,PHP,2.58,27.80%,$0.86 ,"$376,795,508,680 ",107.50%,35.50%,22.5,Manila,71.1,121.0,$1.12 ,English,53.50%,0.6,108116615.0,59.6,14.0,43.1,2.15,50975903.0,12.879721,121.774017,Asia
Poland,124,PL,46.9,"312,685","191,000",10.2,48.0,Warsaw,299037.0,114.11,2.20%,PLN,1.46,30.90%,$1.07 ,"$592,164,400,688 ",100.00%,67.80%,3.8,Warsaw,77.6,2.0,$2.93 ,Polish,23.20%,2.38,37970874.0,56.7,17.4,40.8,3.47,22796574.0,51.919438,19.145136,Europe
Portugal,111,PT,39.5,"92,212","52,000",8.5,351.0,Lisbon,48742.0,110.62,0.30%,EUR,1.38,34.60%,$1.54 ,"$237,686,075,635 ",106.20%,63.90%,3.1,Lisbon,81.3,8.0,$3.78 ,Portuguese,27.70%,5.12,10269417.0,58.8,22.8,39.8,6.33,6753579.0,39.399872,-8.224454,Europe
Qatar,248,QA,5.8,"11,586","22,000",9.54,974.0,Doha,103259.0,115.38,-0.70%,QAR,1.87,0.00%,$0.40 ,"$183,466,208,791 ",103.80%,17.90%,5.8,Doha,80.1,9.0,,Arabic,6.20%,2.49,2832067.0,86.8,14.7,11.3,0.09,2809071.0,25.354826,51.183884,Asia
Romania,84,RO,58.8,"238,391","126,000",9.6,40.0,Bucharest,69259.0,123.78,3.80%,RON,1.71,30.10%,$1.16 ,"$250,077,444,017 ",85.20%,49.40%,6.1,Bucharest,75.4,19.0,$2.25 ,Romanian,21.30%,2.98,19356544.0,54.7,14.6,20.0,3.98,10468793.0,45.943161,24.96676,Europe
Russia,9,RU,13.3,"17,098,240","1,454,000",11.5,7.0,Moscow,1732027.0,180.75,4.50%,RUB,1.57,49.80%,$0.59 ,"$1,699,876,578,871 ",102.60%,81.90%,6.1,Moscow,72.7,17.0,$0.53 ,Russian,36.40%,4.01,144373535.0,61.8,11.4,46.2,4.59,107683889.0,61.52401,105.318756,Asia
Rwanda,525,RW,73.4,"26,338","35,000",31.7,250.0,Kigali,1115.0,151.09,3.40%,RWF,4.04,19.70%,$1.17 ,"$10,122,472,590 ",133.00%,6.70%,27.0,Kigali,68.7,248.0,,Swahili,26.00%,0.13,12626950.0,83.7,14.3,33.2,1.03,2186104.0,-1.940278,29.873888,Africa
Saint Kitts and Nevis,205,KN,23.1,261,,12.6,1.0,Basseterre,238.0,104.57,-1.00%,XCD,2.11,42.30%,,"$1,050,992,593 ",108.70%,86.70%,9.8,Basseterre,71.3,,$3.33 ,English,56.60%,2.52,52823.0,,18.5,49.7,,16269.0,17.357822,-62.782998,North America
Saint Lucia,301,LC,17.4,616,,12.0,1.0,Castries,414.0,110.13,1.90%,XCD,1.44,33.20%,$1.30 ,"$2,122,450,630 ",102.60%,14.10%,14.9,Castries,76.1,117.0,,English,48.40%,0.64,182790.0,67.1,18.2,34.7,20.71,34280.0,13.909444,-60.978893,North America
Saint Vincent and the Grenadines,284,VC,25.6,389,,14.24,1.0,Kingstown,220.0,109.67,2.30%,XCD,1.89,69.20%,,"$825,385,185 ",113.40%,23.70%,14.8,Calliaqua,72.4,68.0,$1.16 ,English,21.40%,0.66,100455.0,65.9,25.4,37.0,18.88,58185.0,12.984305,-61.287228,North America
Samoa,70,WS,12.4,"2,831",,24.38,685.0,Apia,246.0,117.56,1.00%,WST,3.88,60.40%,$0.91 ,"$850,655,017 ",110.50%,7.60%,13.6,Apia,73.2,43.0,$0.78 ,Samoan,11.50%,0.34,202506.0,43.7,25.5,19.3,8.36,35588.0,-13.759029,-172.104629,Oceania
San Marino,566,SM,16.7,61,,6.8,378.0,City of San Marino,,110.63,1.00%,EUR,1.26,0.00%,,"$1,637,931,034 ",108.10%,42.50%,1.7,City of San Marino,85.4,,,Italian,18.30%,6.11,33860.0,,18.1,36.2,,32969.0,43.94236,12.457777,Europe
Saudi Arabia,16,SA,80.8,"2,149,690","252,000",17.8,966.0,Riyadh,563449.0,118.4,-1.20%,SAR,2.32,0.50%,$0.24 ,"$792,966,838,162 ",99.80%,68.00%,6.0,Riyadh,75.0,17.0,$3.85 ,Arabic,15.00%,2.61,34268528.0,55.9,8.9,15.7,5.93,28807838.0,23.885942,45.079162,Asia
Senegal,87,SN,46.1,"196,722","19,000",34.52,221.0,Dakar,10902.0,109.25,1.80%,XOF,4.63,42.80%,$1.14 ,"$23,578,084,052 ",81.00%,12.80%,31.8,Pikine,67.7,315.0,$0.31 ,French,44.20%,0.07,16296364.0,45.7,16.3,44.8,6.6,7765706.0,14.497401,-14.452362,Africa
Serbia,100,RS,39.3,"77,474","32,000",9.2,381.0,Belgrade,45221.0,144,1.80%,RSD,1.49,31.10%,$1.16 ,"$51,409,167,351 ",100.30%,67.20%,4.8,Belgrade,75.5,12.0,$1.57 ,Serbian,40.60%,3.11,6944975.0,54.9,18.6,36.6,12.69,3907243.0,44.016521,21.005859,Europe
Seychelles,214,SC,3.4,455,0,17.1,248.0,"Victoria, Seychelles",605.0,129.96,1.80%,SCR,2.41,88.40%,,"$1,698,843,063 ",100.40%,17.10%,12.4,"Victoria, Seychelles",72.8,53.0,$2.00 ,French,2.50%,0.95,97625.0,,34.1,30.1,,55762.0,-4.679574,55.491977,Africa
Sierra Leone,111,SL,54.7,"71,740","9,000",33.41,232.0,Freetown,1093.0,234.16,14.80%,SLL,4.26,43.10%,$1.08 ,"$3,941,474,311 ",112.80%,2.00%,78.5,Freetown,54.3,1120.0,$0.57 ,English,38.20%,0.03,7813215.0,57.9,8.6,30.7,4.43,3319366.0,8.460555,-11.779889,Africa
Singapore,8358,SG,0.9,716,"81,000",8.8,65.0,,37535.0,114.41,0.60%,SGD,1.14,23.10%,$1.25 ,"$372,062,527,489 ",100.60%,84.80%,2.3,,83.1,8.0,,Malay,36.70%,2.29,5703569.0,70.5,13.1,21.0,4.11,5703569.0,1.352083,103.819836,Asia
Slovakia,114,SK,39.2,"49,035","16,000",10.6,421.0,Bratislava,32424.0,115.34,2.70%,EUR,1.52,40.40%,$1.32 ,"$105,422,304,976 ",98.70%,46.60%,4.6,Bratislava,77.2,5.0,$3.11 ,Slovak,18.40%,3.42,5454073.0,59.5,18.7,49.7,5.56,2930419.0,48.669026,19.699024,Europe
Slovenia,103,SI,30.7,"20,273","7,000",9.4,386.0,Ljubljana,12633.0,111.05,1.60%,EUR,1.6,62.00%,$1.32 ,"$53,742,159,517 ",100.40%,78.60%,1.7,Ljubljana,81.0,7.0,$5.25 ,Slovene language,12.50%,3.09,2087946.0,58.4,18.6,31.0,4.2,1144654.0,46.151241,14.995463,Europe
Solomon Islands,25,SB,3.9,"28,896",,32.44,677.0,Honiara,169.0,133.06,1.60%,SBD,4.4,77.90%,,"$1,425,074,226 ",106.20%,,17.1,Honiara,72.8,104.0,$0.40 ,English,3.30%,0.19,669823.0,83.8,29.5,32.0,0.58,162164.0,-9.64571,160.156194,Oceania
Somalia,25,SO,70.3,"637,657","20,000",41.75,252.0,Mogadishu,645.0,,,SOS,6.07,10.00%,$1.41 ,"$4,720,727,278 ",23.40%,2.50%,76.6,Bosaso,57.1,829.0,,Arabic,,0.02,15442905.0,47.4,0.0,,11.35,7034861.0,5.152149,46.199616,Africa
South Africa,49,ZA,79.8,"1,219,090","80,000",20.51,27.0,Pretoria,476644.0,158.93,4.10%,ZAR,2.41,7.60%,$0.92 ,"$351,431,649,241 ",100.90%,22.40%,28.5,Johannesburg,63.9,119.0,,Afrikaans,7.70%,0.91,58558270.0,56.0,27.5,29.2,28.18,39149717.0,-30.559482,22.937506,Africa
South Korea,527,KR,17.4,"99,720","634,000",6.4,82.0,Seoul,620302.0,115.16,0.40%,KRW,0.98,63.40%,$1.22 ,"$2,029,000,000,000 ",98.10%,94.30%,2.7,Seoul,82.6,11.0,$6.49 ,Korean,36.80%,2.36,51709098.0,63.0,15.6,33.2,4.15,42106719.0,35.907757,127.766922,Asia
South Sudan,18,SS,,"644,329","185,000",35.01,211.0,Juba,1727.0,"4,583.71",187.90%,SSP,4.7,,$0.28 ,"$11,997,800,751 ",73.00%,,63.7,Juba,57.6,1150.0,,English,61.30%,,11062113.0,72.4,,31.4,12.24,2201250.0,6.8769919,31.3069788,Africa
Spain,94,ES,52.6,"505,370","196,000",7.9,34.0,Madrid,244002.0,110.96,0.70%,EUR,1.26,36.90%,$1.26 ,"$1,394,116,310,769 ",102.70%,88.90%,2.5,Madrid,83.3,4.0,$5.60 ,Spanish,24.20%,3.87,47076781.0,57.5,14.2,47.0,13.96,37927409.0,40.463667,-3.74922,Europe
Sri Lanka,341,LK,43.7,"65,610","317,000",15.83,94.0,Colombo,23362.0,155.53,3.50%,LKR,2.2,32.90%,$0.88 ,"$84,008,783,756 ",100.20%,19.60%,6.4,Colombo,76.8,36.0,$0.35 ,Tamil,38.40%,1.0,21803000.0,53.9,11.9,55.2,4.2,4052088.0,7.873054,80.771797,Asia
Sudan,25,SD,28.7,"1,861,484","124,000",32.18,249.0,Khartoum,20000.0,"1,344.19",51.00%,SDG,4.41,8.10%,$0.95 ,"$18,902,284,476 ",76.80%,16.90%,42.1,Omdurman,65.1,295.0,$0.41 ,Arabic,63.20%,0.26,42813238.0,48.4,8.0,45.4,16.53,14957233.0,12.862807,30.217636,Africa
Suriname,4,SR,0.6,"163,820","2,000",18.54,597.0,Paramaribo,1738.0,294.66,22.00%,SRD,2.42,98.30%,$1.29 ,"$3,985,250,737 ",108.80%,12.60%,16.9,Paramaribo,71.6,120.0,,Dutch,10.10%,1.21,581372.0,51.1,19.5,27.9,7.33,384258.0,3.919305,-56.027783,South America
Sweden,25,SE,7.4,"450,295","30,000",11.4,46.0,Stockholm,43252.0,110.51,1.80%,SEK,1.76,68.90%,$1.42 ,"$530,832,908,738 ",126.60%,67.00%,2.2,S�����,82.5,4.0,,Swedish,15.20%,3.98,10285453.0,64.6,27.9,49.1,6.48,9021165.0,60.128161,18.643501,Europe
Switzerland,219,CH,38.4,"41,277","21,000",10.0,41.0,Bern,34477.0,99.55,0.40%,CHF,1.52,31.80%,$1.45 ,"$703,082,435,360 ",105.20%,59.60%,3.7,Z���,83.6,5.0,,German,28.30%,4.3,8574832.0,68.3,10.1,28.8,4.58,6332428.0,46.818188,8.227512,Europe
Syria,95,SY,75.8,"185,180","239,000",23.69,963.0,Damascus,28830.0,143.2,36.70%,SYP,2.81,2.70%,$0.83 ,"$40,405,006,007 ",81.70%,40.10%,14.0,Damascus,71.8,31.0,$1.02 ,Arabic,53.70%,1.22,17070135.0,44.1,14.2,42.7,8.37,9358019.0,34.802075,38.996815,Asia
Tajikistan,68,TJ,34.1,"144,100","17,000",30.76,992.0,Dushanbe,5310.0,148.57,6.00%,TJS,3.59,3.00%,$0.71 ,"$8,116,626,794 ",100.90%,31.30%,30.4,Dushanbe,70.9,17.0,$0.23 ,Persian,63.10%,1.7,9321018.0,42.0,9.8,67.3,11.02,2545477.0,38.861034,71.276093,Asia
Tanzania,67,TZ,44.8,"947,300","28,000",36.7,255.0,Dodoma,11973.0,187.43,3.50%,TZS,4.89,51.60%,$0.87 ,"$63,177,068,175 ",94.20%,4.00%,37.6,Dar es Salaam,65.0,524.0,$0.09 ,Swahili,26.10%,0.01,58005463.0,83.4,11.5,43.8,1.98,20011885.0,-6.369028,34.888822,Africa
Thailand,137,TH,43.3,"513,120","455,000",10.34,66.0,Bangkok,283763.0,113.27,0.70%,THB,1.53,32.20%,$0.71 ,"$543,649,976,166 ",99.80%,49.30%,7.8,Bangkok,76.9,37.0,$1.06 ,Thai,11.80%,0.81,69625582.0,67.3,14.9,29.5,0.75,35294600.0,15.870032,100.992541,Asia
East Timor,89,TL,25.6,"14,874","2,000",29.42,670.0,Dili,495.0,145.38,2.60%,USD,4.02,45.40%,$1.10 ,"$1,673,540,300 ",115.30%,17.80%,39.3,Dili,69.3,142.0,$0.60 ,Portuguese,10.20%,0.72,3500000.0,67.3,25.0,17.3,4.55,400182.0,-8.874217,125.727539,Asia
Togo,152,TG,70.2,"56,785","10,000",33.11,228.0,Lom�,3000.0,113.3,0.70%,XOF,4.32,3.10%,$0.71 ,"$5,459,979,417 ",123.80%,14.50%,47.4,Lom�,60.8,396.0,$0.34 ,French,51.00%,0.08,8082366.0,77.6,16.9,48.2,2.04,3414638.0,8.619543,0.824782,Africa
Tonga,147,TO,45.8,747,,24.3,676.0,Nuku����,128.0,121.09,7.40%,TOP,3.56,12.50%,,"$450,353,314 ",116.30%,6.40%,13.4,Nuku����,70.8,52.0,,Tongan Language,10.20%,0.52,100209.0,59.8,22.3,27.5,1.12,24145.0,-21.178986,-175.198242,Oceania
Trinidad and Tobago,273,TT,10.5,"5,128","4,000",12.94,1.0,Port of Spain,43868.0,141.75,1.00%,TTD,1.73,46.00%,$0.54 ,"$24,100,202,834 ",106.20%,12.00%,16.4,Chaguanas,73.4,67.0,$2.25 ,English,37.30%,4.17,1394973.0,60.0,19.5,40.5,2.69,741944.0,10.691803,-61.222503,North America
Tunisia,76,TN,64.8,"163,610","48,000",17.56,216.0,Tunis,29937.0,155.33,6.70%,TND,2.2,6.80%,$0.73 ,"$38,797,709,924 ",115.40%,31.70%,14.6,Tunis,76.5,43.0,$0.47 ,Arabic,39.80%,1.3,11694719.0,46.1,21.1,60.7,16.02,8099061.0,33.886917,9.537499,Africa
Turkey,110,TR,49.8,"783,562","512,000",16.03,90.0,Ankara,372725.0,234.44,15.20%,TRY,2.07,15.40%,$1.42 ,"$754,411,708,203 ",93.20%,23.90%,9.1,Istanbul,77.4,17.0,$3.45 ,Turkish,16.90%,1.85,83429615.0,52.8,17.9,42.3,13.49,63097818.0,38.963745,35.243322,Europe
Turkmenistan,13,TM,72.0,"488,100","42,000",23.83,993.0,Ashgabat,70630.0,,,TMT,2.79,8.80%,$0.29 ,"$40,761,142,857 ",88.40%,8.00%,39.3,Ashgabat,68.1,7.0,$0.88 ,Turkmen,71.10%,2.22,5942089.0,64.5,,,3.91,3092738.0,38.969719,59.556278,Asia
Tuvalu,393,TV,60.0,26,,,688.0,Funafuti,11.0,,,AUD,,33.30%,,"$47,271,463 ",86.00%,,20.6,Singapore,,,,Tuvaluan Language,0.70%,0.92,11646.0,,,,,7362.0,-7.109535,177.64933,Oceania
Uganda,229,UG,71.9,"241,038","46,000",38.14,256.0,Kampala,5680.0,173.87,2.90%,UGX,4.96,9.70%,$0.94 ,"$34,387,229,486 ",102.70%,4.80%,33.8,Buganda,63.0,375.0,$0.01 ,Swahili,40.50%,0.17,44269594.0,70.3,11.7,33.7,1.84,10784516.0,1.373333,32.290275,Africa
Ukraine,75,UA,71.7,"603,550","297,000",8.7,380.0,Kyiv,202250.0,281.66,7.90%,UAH,1.3,16.70%,$0.83 ,"$153,781,069,118 ",99.00%,82.70%,7.5,Kyiv,71.6,19.0,$0.84 ,Ukrainian,47.80%,2.99,44385155.0,54.2,20.1,45.2,8.88,30835699.0,48.379433,31.16558,Europe
United Arab Emirates,118,AE,5.5,"83,600","63,000",10.33,971.0,Abu Dhabi,206324.0,114.52,-1.90%,AED,1.41,4.60%,$0.49 ,"$421,142,267,938 ",108.40%,36.80%,6.5,Dubai,77.8,3.0,,Arabic,17.80%,2.53,9770529.0,82.1,0.1,15.9,2.35,8479744.0,23.424076,53.847818,Asia
United Kingdom,281,GB,71.7,"243,610","148,000",11.0,44.0,London,379025.0,119.62,1.70%,GBP,1.68,13.10%,$1.46 ,"$2,827,113,184,696 ",101.20%,60.00%,3.6,London,81.3,7.0,$10.13 ,English,14.80%,2.81,66834405.0,62.8,25.5,30.6,3.85,55908316.0,55.378051,-3.435973,Europe
United States,36,US,44.4,"9,833,517","1,359,000",11.6,1.0,"Washington, D.C.",5006302.0,117.24,7.50%,USD,1.73,33.90%,$0.71 ,"$21,427,700,000,000 ",101.80%,88.20%,5.6,New York City,78.5,19.0,$7.25 ,None,11.10%,2.61,328239523.0,62.0,9.6,36.6,14.7,270663028.0,37.09024,-95.712891,North America
Uruguay,20,UY,82.6,"176,215","22,000",13.86,598.0,Montevideo,6766.0,202.92,7.90%,UYU,1.97,10.70%,$1.50 ,"$56,045,912,952 ",108.50%,63.10%,6.4,Montevideo,77.8,17.0,$1.66 ,Spanish,16.20%,5.05,3461734.0,64.0,20.1,41.8,8.73,3303394.0,-32.522779,-55.765835,South America
Uzbekistan,79,UZ,62.9,"447,400","68,000",23.3,998.0,Tashkent,91811.0,,,UZS,2.42,7.50%,$1.03 ,"$57,921,286,440 ",104.20%,10.10%,19.1,Tashkent,71.6,29.0,$0.24 ,Uzbek,42.70%,2.37,33580650.0,65.1,14.8,31.6,5.92,16935729.0,41.377491,64.585262,Asia
Vanuatu,25,VU,15.3,"12,189",,29.6,678.0,Port Vila,147.0,117.13,2.80%,VUV,3.78,36.10%,$1.31 ,"$917,058,851 ",109.30%,4.70%,22.3,Port Vila,70.3,72.0,$1.56 ,French,8.90%,0.17,299882.0,69.9,17.8,8.5,4.39,76152.0,-15.376706,166.959158,Oceania
Venezuela,32,VE,24.5,"912,050","343,000",17.88,58.0,Caracas,164175.0,"2,740.27",254.90%,VED,2.27,52.70%,$0.00 ,"$482,359,318,768 ",97.20%,79.30%,21.4,Caracas,72.1,125.0,$0.01 ,Spanish,45.80%,1.92,28515829.0,59.7,,73.3,8.8,25162368.0,6.42375,-66.58973,South America
Vietnam,314,VN,39.3,"331,210","522,000",16.75,84.0,Hanoi,192668.0,163.52,2.80%,VND,2.05,48.10%,$0.80 ,"$261,921,244,843 ",110.60%,28.50%,16.5,Ho Chi Minh City,75.3,43.0,$0.73 ,Vietnamese,43.50%,0.82,96462106.0,77.4,19.1,37.6,2.01,35332140.0,14.058324,108.277199,Asia
Yemen,56,YE,44.6,"527,968","40,000",30.45,967.0,Sanaa,10609.0,157.58,8.10%,YER,3.79,1.00%,$0.92 ,"$26,914,402,224 ",93.60%,10.20%,42.9,Sanaa,66.1,164.0,,Arabic,81.00%,0.31,29161922.0,38.0,,26.6,12.91,10869523.0,15.552727,48.516388,Asia
Zambia,25,ZM,32.1,"752,618","16,000",36.19,260.0,Lusaka,5141.0,212.31,9.20%,ZMW,4.63,65.20%,$1.40 ,"$23,064,722,446 ",98.70%,4.10%,40.4,Lusaka,63.5,213.0,$0.24 ,English,27.50%,1.19,17861030.0,74.6,16.2,15.6,11.43,7871713.0,-13.133897,27.849332,Africa
Zimbabwe,38,ZW,41.9,"390,757","51,000",30.68,263.0,Harare,10983.0,105.51,0.90%,,3.62,35.50%,$1.34 ,"$21,440,758,800 ",109.90%,10.00%,33.9,Harare,61.2,458.0,,Shona,25.80%,0.21,14645468.0,83.1,20.7,31.6,4.95,4717305.0,-19.015438,29.154857,Africa
